{"nodes": 1000, "edges": 50153, "density": 0.10040640640640641, "diameter": 3, "avg_clustering": 0.100329588445239, "num_cc": 1}